﻿<?xml version="1.0" encoding="utf-8"?>
<ServerRegions>
  <Facet name="Felucca">
    <region priority="50" name="Moongates">
      <!-- britain -->
      <rect x="1330" y="1991" width="13" height="13" />
      <!-- jhelom -->
      <rect x="1494" y="3767" width="12" height="11" />
      <!-- minoc -->
      <rect x="2694" y="685" width="15" height="16" />
      <!-- trinsic -->
      <rect x="1823" y="2943" width="11" height="11" />
      <!-- yew -->
      <rect x="761" y="741" width="19" height="21" />
      <!-- skara brae -->
      <rect x="638" y="2062" width="12" height="11" />
      <!-- moonglow -->
      <rect x="4459" y="1276" width="16" height="16" />
      <!-- magincia -->
      <rect x="3554" y="2132" width="18" height="18" />
    </region>
    <region priority="50" name="Cove">
      <rect x="2200" y="1110" width="50" height="50" />
      <rect x="2200" y="1160" width="86" height="86" />
      <go location="(2275,1210,0)" />
      <music name="Cove" />
    </region>
    <region priority="50" name="Britain">
      <rect x="1416" y="1498" width="324" height="279" />
      <rect x="1500" y="1408" width="46" height="90" />
      <rect x="1384" y="1538" width="31" height="239" />
      <rect x="1416" y="1777" width="324" height="60" />
      <rect x="1385" y="1777" width="31" height="130" />
      <rect x="1093" y="1538" width="292" height="369" />
      <inn x="1492" y="1602" width="8" height="19" />
      <inn x="1500" y="1610" width="8" height="16" />
      <inn x="1576" y="1584" width="24" height="16" />
      <inn x="1456" y="1512" width="16" height="16" />
      <inn x="1472" y="1512" width="8" height="8" />
      <inn x="1486" y="1684" width="8" height="8" />
      <inn x="1494" y="1676" width="8" height="24" />
      <inn x="1424" y="1712" width="8" height="24" />
      <inn x="1432" y="1712" width="8" height="12" />
      <inn x="1608" y="1584" width="24" height="8" />
      <inn x="1616" y="1576" width="8" height="8" />
      <inn x="1544" y="1760" width="16" height="16" />
      <inn x="1560" y="1760" width="8" height="8" />
      <go location="(1495,1629,10)" />
      <music name="Britain1" />
      <zrange min="0" />
    </region>
    <region priority="50" name="Britain Graveyard">
      <rect x="1333" y="1441" width="84" height="82" />
      <go location="(1384,1492,10)" />
    </region>
    <region priority="50" name="Jhelom">
      <rect x="1303" y="3670" width="189" height="225" />
      <rect x="1338" y="3895" width="74" height="28" />
      <rect x="1383" y="3951" width="109" height="94" />
      <inn x="1352" y="3800" width="16" height="32" />
      <inn x="1368" y="3808" width="8" height="16" />
      <inn x="1432" y="3768" width="32" height="8" />
      <inn x="1440" y="3776" width="24" height="8" />
      <go location="(1383,3815,0)" />
      <music name="Jhelom" />
      <zrange min="-20" />
    </region>
    <region priority="49" name="Jhelom Islands">
      <rect x="1111" y="3567" width="33" height="21" />
      <rect x="1078" y="3588" width="124" height="121" />
      <rect x="1224" y="3592" width="309" height="473" />
      <go location="(1383,3815,0)" />
      <music name="Jhelom" />
    </region>
    <region priority="50" name="Minoc">
      <rect x="2411" y="366" width="135" height="241" />
      <rect x="2548" y="495" width="72" height="55" />
      <rect x="2564" y="585" width="3" height="42" />
      <rect x="2567" y="585" width="61" height="61" />
      <rect x="2499" y="627" width="68" height="63" />
      <inn x="2457" y="397" width="40" height="8" />
      <inn x="2465" y="405" width="8" height="8" />
      <inn x="2481" y="405" width="8" height="8" />
      <go location="(2466,544,0)" />
      <music name="Minoc" />
    </region>
    <region priority="50" name="Ocllo">
      <rect x="3587" y="2456" width="119" height="99" />
      <rect x="3706" y="2460" width="2" height="95" />
      <rect x="3587" y="2555" width="106" height="73" />
      <rect x="3590" y="2628" width="103" height="58" />
      <rect x="3693" y="2555" width="61" height="144" />
      <rect x="3754" y="2558" width="7" height="141" />
      <rect x="3761" y="2555" width="7" height="144" />
      <rect x="3695" y="2699" width="66" height="13" />
      <inn x="3664" y="2608" width="16" height="16" />
      <inn x="3664" y="2640" width="8" height="16" />
      <inn x="3672" y="2648" width="8" height="8" />
      <go location="(3650,2519,0)" />
      <music name="Ocllo" />
    </region>
    <region priority="50" name="Trinsic">
      <rect x="1856" y="2636" width="75" height="28" />
      <rect x="1816" y="2664" width="283" height="231" />
      <rect x="2099" y="2782" width="18" height="25" />
      <rect x="1970" y="2895" width="47" height="32" />
      <rect x="1796" y="2696" width="20" height="67" />
      <rect x="1800" y="2796" width="16" height="52" />
      <inn x="1834" y="2728" width="22" height="16" />
      <inn x="2024" y="2784" width="16" height="20" />
      <inn x="2026" y="2804" width="14" height="2" />
      <inn x="2024" y="2806" width="16" height="7" />
      <inn x="1923" y="2786" width="12" height="22" />
      <inn x="1935" y="2786" width="7" height="14" />
      <go location="(1867,2780,0)" />
      <music name="Trinsic" />
    </region>
    <region priority="50" name="Vesper">
      <rect x="2893" y="598" width="121" height="50" />
      <rect x="2816" y="648" width="249" height="365" />
      <rect x="2734" y="944" width="82" height="4" />
      <rect x="2728" y="948" width="88" height="53" />
      <inn x="2952" y="864" width="16" height="32" />
      <inn x="2968" y="872" width="8" height="16" />
      <inn x="2776" y="952" width="16" height="32" />
      <inn x="2768" y="960" width="8" height="16" />
      <inn x="2892" y="901" width="16" height="19" />
      <inn x="2908" y="904" width="8" height="8" />
      <go location="(2899,676,0)" />
      <music name="Vesper" />
    </region>
    <region priority="50" name="Yew">
      <rect x="92" y="656" width="349" height="225" />
      <rect x="441" y="746" width="216" height="135" />
      <rect x="258" y="881" width="399" height="380" />
      <rect x="657" y="922" width="42" height="307" />
      <rect x="657" y="806" width="17" height="28" />
      <rect x="718" y="874" width="38" height="22" />
      <inn x="600" y="808" width="24" height="24" />
      <go location="(546,992,0)" />
      <music name="Yew" />
      <zrange min="0" max="39" />
    </region>
    <region priority="50" name="Wind">
      <rect x="5294" y="19" width="72" height="120" />
      <rect x="5132" y="58" width="81" height="68" />
      <rect x="5197" y="126" width="55" height="78" />
      <rect x="5132" y="3" width="70" height="55" />
      <rect x="5252" y="112" width="42" height="58" />
      <rect x="5213" y="98" width="39" height="28" />
      <rect x="5279" y="57" width="15" height="55" />
      <rect x="5252" y="170" width="32" height="8" />
      <rect x="5286" y="25" width="8" height="32" />
      <rect x="5252" y="178" width="20" height="5" />
      <rect x="5252" y="183" width="10" height="10" />
      <inn x="5159" y="15" width="25" height="9" />
      <inn x="5159" y="24" width="9" height="16" />
      <inn x="5175" y="24" width="9" height="8" />
      <inn x="5212" y="159" width="9" height="24" />
      <inn x="5221" y="171" width="7" height="12" />
      <inn x="5206" y="164" width="6" height="15" />
      <inn x="5303" y="28" width="16" height="14" />
      <go location="(5223,190,5)" />
      <music name="Wind" />
    </region>
    <region priority="50" name="Serpent's Hold">
      <rect x="2868" y="3324" width="205" height="195" />
      <inn x="2960" y="3400" width="16" height="16" />
      <inn x="2968" y="3416" width="8" height="16" />
      <inn x="3008" y="3450" width="14" height="14" />
      <go location="(3010,3371,15)" />
      <music name="Serpents" />
      <zrange min="0" />
    </region>
    <region priority="50" name="Skara Brae">
      <rect x="538" y="2107" width="150" height="190" />
      <inn x="600" y="2232" width="16" height="24" />
      <inn x="592" y="2240" width="8" height="16" />
      <inn x="616" y="2240" width="8" height="16" />
      <inn x="552" y="2168" width="16" height="24" />
      <inn x="568" y="2168" width="8" height="8" />
      <go location="(632,2233,0)" />
      <music name="Skarabra" />
    </region>
    <region priority="50" name="Nujel'm">
      <rect x="3475" y="1000" width="360" height="435" />
      <inn x="3736" y="1184" width="16" height="23" />
      <inn x="3728" y="1192" width="8" height="15" />
      <inn x="3728" y="1288" width="23" height="15" />
      <inn x="3728" y="1303" width="16" height="9" />
      <inn x="3728" y="1312" width="12" height="8" />
      <inn x="3728" y="1320" width="16" height="23" />
      <inn x="3744" y="1328" width="7" height="15" />
      <inn x="3760" y="1216" width="12" height="24" />
      <inn x="3772" y="1220" width="4" height="16" />
      <inn x="3776" y="1224" width="8" height="8" />
      <inn x="3728" y="1248" width="16" height="24" />
      <inn x="3744" y="1264" width="8" height="8" />
      <inn x="3744" y="1248" width="8" height="8" />
      <go location="(3732,1279,0)" />
      <music name="Nujelm" />
      <zrange min="0" />
    </region>
    <region priority="50" name="Moonglow">
      <rect x="4535" y="844" width="20" height="3" />
      <rect x="4530" y="847" width="31" height="61" />
      <rect x="4521" y="914" width="56" height="49" />
      <rect x="4278" y="915" width="54" height="19" />
      <rect x="4283" y="944" width="53" height="73" />
      <rect x="4377" y="1015" width="59" height="37" />
      <rect x="4367" y="1050" width="142" height="145" />
      <rect x="4539" y="1036" width="27" height="18" />
      <rect x="4517" y="1053" width="23" height="22" />
      <rect x="4389" y="1198" width="47" height="39" />
      <rect x="4466" y="1211" width="32" height="25" />
      <rect x="4700" y="1108" width="17" height="18" />
      <rect x="4656" y="1127" width="26" height="13" />
      <rect x="4678" y="1162" width="25" height="25" />
      <rect x="4613" y="1196" width="23" height="22" />
      <rect x="4646" y="1212" width="14" height="17" />
      <rect x="4677" y="1214" width="26" height="22" />
      <rect x="4622" y="1316" width="22" height="24" />
      <rect x="4487" y="1353" width="59" height="21" />
      <rect x="4477" y="1374" width="69" height="35" />
      <rect x="4659" y="1387" width="40" height="40" />
      <rect x="4549" y="1482" width="29" height="27" />
      <rect x="4405" y="1451" width="23" height="23" />
      <rect x="4483" y="1468" width="21" height="13" />
      <inn x="4384" y="1152" width="8" height="24" />
      <inn x="4392" y="1160" width="16" height="8" />
      <inn x="4400" y="1152" width="8" height="8" />
      <inn x="4480" y="1056" width="8" height="16" />
      <inn x="4488" y="1060" width="4" height="8" />
      <inn x="4476" y="1060" width="4" height="8" />
      <go location="(4442,1172,0)" />
      <music name="Moonglow" />
      <zrange min="0" />
    </region>
    <region priority="50" name="Magincia">
      <rect x="3653" y="2046" width="27" height="48" />
      <rect x="3752" y="2046" width="52" height="48" />
      <rect x="3680" y="2045" width="72" height="49" />
      <rect x="3652" y="2094" width="160" height="180" />
      <rect x="3649" y="2256" width="54" height="47" />
      <inn x="3680" y="2152" width="24" height="8" />
      <inn x="3720" y="2216" width="16" height="16" />
      <go location="(3714,2220,20)" />
      <music name="Magincia" />
    </region>
    <region priority="50" name="Buccaneer's Den">
      <rect x="2612" y="2057" width="164" height="210" />
      <rect x="2604" y="2065" width="8" height="189" />
      <inn x="2712" y="2080" width="16" height="16" />
      <inn x="2712" y="2096" width="8" height="8" />
      <inn x="2664" y="2232" width="24" height="8" />
      <inn x="2672" y="2240" width="16" height="8" />
      <go location="(2706,2163,0)" />
      <music name="Bucsden" />
    </region>
    <region priority="50" name="Covetous">
      <rect x="5376" y="1793" width="201" height="255" />
      <rect x="5576" y="1791" width="57" height="257" />
      <go location="(5456,1862,0)" />
      <music name="Dungeon9" />
    </region>
    <region priority="50" name="Deceit">
      <rect x="5122" y="518" width="248" height="252" />
      <go location="(5187,635,0)" />
      <music name="Dungeon9" />
    </region>
    <region priority="50" name="Despise">
      <rect x="5377" y="516" width="254" height="506" />
      <go location="(5501,570,59)" />
      <music name="Dungeon9" />
    </region>
    <region priority="50" name="Destard">
      <rect x="5120" y="770" width="251" height="258" />
      <go location="(5243,1004,0)" />
      <music name="Dungeon9" />
    </region>
    <region priority="50" name="Hythloth">
      <rect x="5898" y="2" width="238" height="244" />
      <go location="(5905,22,44)" />
      <music name="Dungeon9" />
    </region>
    <region priority="50" name="Khaldun">
      <rect x="5381" y="1284" width="247" height="225" />
      <go location="(5571,1302,0)" />
      <music name="Dungeon9" />
    </region>
    <region priority="50" name="Jail">
      <rect x="5271" y="1159" width="41" height="33" />
      <go location="(5275,1163,0)" />
    </region>
    <region priority="1" name="Green Acres">
      <rect x="5376" y="512" width="767" height="767" />
      <go location="(5445,1153,0)" />
    </region>
    <region priority="50" name="Shame">
      <rect x="5377" y="2" width="257" height="260" />
      <rect x="5635" y="2" width="260" height="124" />
      <go location="(5395,126,0)" />
      <music name="Dungeon9" />
    </region>
    <region priority="50" name="Wrong">
      <rect x="5633" y="511" width="253" height="510" />
      <go location="(5825,599,0)" />
      <music name="Dungeon9" />
    </region>
    <region priority="50" name="Cave 1">
      <rect x="2373" y="900" width="22" height="28" />
      <rect x="2395" y="903" width="14" height="16" />
      <rect x="2373" y="928" width="10" height="9" />
      <rect x="2359" y="927" width="14" height="18" />
      <go location="(2367,942,0)" />
    </region>
    <region priority="50" name="Cave 2">
      <rect x="1887" y="354" width="33" height="23" />
      <go location="(1903,365,0)" />
    </region>
    <region priority="50" name="Cave 3">
      <rect x="1925" y="307" width="18" height="18" />
      <go location="(1934,316,0)" />
    </region>
    <region priority="50" name="Cave 4">
      <rect x="2323" y="809" width="45" height="42" />
      <go location="(2345,830,0)" />
    </region>
    <region priority="50" name="Britain Mine 1">
      <rect x="1436" y="1215" width="29" height="37" />
      <go location="(1443,1228,0)" />
    </region>
    <region priority="50" name="Britain Mine 2">
      <rect x="1611" y="1175" width="51" height="29" />
      <go location="(1629,1189,0)" />
    </region>
    <region priority="50" name="Minoc Cave 1">
      <rect x="2406" y="168" width="22" height="16" />
      <go location="(2426,177,0)" />
    </region>
    <region priority="50" name="Minoc Cave 2">
      <rect x="2418" y="81" width="24" height="32" />
      <go location="(2440,94,0)" />
    </region>
    <region priority="50" name="Minoc Cave 3">
      <rect x="2447" y="39" width="42" height="28" />
      <go location="(2471,64,0)" />
    </region>
    <region priority="50" name="Minoc Mine">
      <rect x="2556" y="501" width="6" height="3" />
      <rect x="2556" y="474" width="26" height="27" />
      <go location="(2558,499,0)" />
    </region>
    <region priority="50" name="Avatar Isle Cave">
      <rect x="4594" y="3807" width="23" height="17" />
      <go location="(4605,3815,0)" />
    </region>
    <region priority="50" name="Ice Isle Cave 1">
      <rect x="4018" y="421" width="49" height="49" />
      <go location="(4054,440,3)" />
    </region>
    <region priority="50" name="Ice Isle Cave 2">
      <rect x="4002" y="310" width="43" height="41" />
      <rect x="4005" y="298" width="22" height="12" />
      <go location="(4030,325,0)" />
    </region>
    <region priority="50" name="North Territory Cave">
      <rect x="1973" y="251" width="21" height="23" />
      <go location="(1984,262,8)" />
    </region>
    <region priority="50" name="Yew Cave">
      <rect x="766" y="1683" width="12" height="14" />
      <go location="(773,1684,0)" />
    </region>
    <region priority="50" name="North Territory Mine 1">
      <rect x="1713" y="1055" width="40" height="25" />
      <go location="(1723,1065,0)" />
    </region>
    <region priority="50" name="North Territory Mine 2">
      <rect x="1604" y="958" width="46" height="51" />
      <go location="(1638,974,0)" />
    </region>
    <region priority="50" name="Mt Kendall">
      <rect x="2552" y="448" width="71" height="59" />
      <rect x="2547" y="380" width="43" height="68" />
      <rect x="2590" y="413" width="33" height="35" />
      <go location="(2593,477,60)" />
    </region>
    <region priority="50" name="Covetous Mine">
      <rect x="2429" y="866" width="19" height="45" />
      <rect x="2448" y="879" width="27" height="28" />
      <rect x="2456" y="907" width="19" height="34" />
      <go location="(2445,880,0)" />
    </region>
    <region priority="50" name="Terathan Keep">
      <rect x="5404" y="3099" width="77" height="68" />
      <rect x="5120" y="1530" width="254" height="258" />
      <go location="(5451,3143,-60)" />
      <music name="Dungeon9" />
    </region>
    <region priority="50" name="Fire">
      <rect x="5635" y="1285" width="245" height="235" />
      <go location="(5760,2908,15)" />
      <music name="Dungeon9" />
    </region>
    <region priority="50" name="Ice">
      <rect x="5668" y="130" width="220" height="138" />
      <rect x="5800" y="319" width="63" height="65" />
      <rect x="5654" y="300" width="54" height="40" />
      <go location="(5210,2322,30)" />
      <music name="Dungeon9" />
    </region>
    <region priority="50" name="Delucia">
      <rect x="5123" y="3942" width="192" height="122" />
      <rect x="5147" y="4064" width="125" height="20" />
      <rect x="5235" y="3930" width="80" height="12" />
      <inn x="5194" y="4053" width="10" height="20" />
      <go location="(5228,3978,37)" />
    </region>
    <region priority="50" name="Papua">
      <rect x="5639" y="3095" width="192" height="223" />
      <rect x="5831" y="3237" width="20" height="30" />
      <inn x="5757" y="3150" width="24" height="24" />
      <go location="(5769,3176,0)" />
    </region>
    <region priority="50" name="Wrong Entrance">
      <rect x="1939" y="215" width="134" height="137" />
      <go location="(2043,236,13)" />
      <music name="Mountn_a" />
    </region>
    <region priority="50" name="Covetous Entrance">
      <rect x="2433" y="846" width="128" height="128" />
      <go location="(2499,918,0)" />
      <music name="Vesper" />
    </region>
    <region priority="50" name="Despise Entrance">
      <rect x="1289" y="1064" width="32" height="37" />
      <go location="(1298,1081,0)" />
    </region>
    <region priority="50" name="Despise Passage">
      <rect x="1338" y="1060" width="51" height="62" />
      <rect x="1354" y="1122" width="42" height="121" />
      <rect x="1349" y="1122" width="5" height="102" />
      <go location="(1380,1114,0)" />
    </region>
    <region priority="50" name="Misc Dungeons">
      <rect x="5886" y="1281" width="257" height="254" />
      <go location="(6032,1499,0)" />
      <music name="Dungeon9" />
    </region>
    <region priority="50" name="Orc Cave">
      <rect x="5281" y="1283" width="92" height="103" />
      <rect x="5267" y="1955" width="97" height="91" />
      <rect x="5127" y="1941" width="37" height="83" />
      <go location="(5137,2015,0)" />
      <music name="Dungeon9" />
    </region>
  </Facet>
  <Facet name="Trammel">
    <region priority="50" name="Moongates" />
    <region priority="50" name="Jail">
      <rect x="5271" y="1159" width="41" height="33" />
      <go location="(5275,1163,0)" />
    </region>
    <region priority="1" name="Green Acres">
      <rect x="5377" y="962" width="767" height="398" />
      <go location="(5445,1153,0)" />
    </region>
    <region priority="0" name="Halerouine">
      <rect x="3591" y="1291" width="263" height="238" />
      <rect x="3499" y="1340" width="91" height="109" />
      <rect x="3572" y="1479" width="18" height="26" />
      <rect x="3577" y="1296" width="14" height="19" />
      <inn x="3806" y="1414" width="16" height="17" />
      <inn x="3795" y="1391" width="29" height="20" />
      <inn x="3651" y="1480" width="25" height="14" />
      <inn x="3532" y="1355" width="36" height="29" />
      <go location="(3753,1410,0)" />
    </region>
    <region priority="0" name="Yeletia">
      <rect x="3619" y="2185" width="133" height="125" />
      <rect x="3752" y="2278" width="59" height="29" />
      <go location="(3712,2222,0)" />
    </region>
    <region priority="0" name="Eli Tiriel">
      <rect x="4089" y="3533" width="101" height="147" />
      <rect x="4190" y="3597" width="38" height="29" />
      <inn x="4132" y="3594" width="20" height="20" />
      <go location="(4139,3617,45)" />
    </region>
    <region priority="0" name="Eli Magdiel">
      <rect x="4173" y="3950" width="104" height="86" />
      <go location="(4194,3985,2)" />
    </region>
    <region priority="0" name="Loudok">
      <rect x="3484" y="2968" width="131" height="182" />
      <rect x="3573" y="3150" width="57" height="53" />
      <go location="(3520,3092,0)" />
    </region>
    <region priority="0" name="Periote">
      <rect x="4736" y="1622" width="65" height="52" />
      <inn x="4738" y="1652" width="22" height="16" />
      <go location="(4762,1652,0)" />
    </region>
    <region priority="0" name="Beyclare">
      <rect x="4411" y="1752" width="74" height="102" />
      <go location="(4451,1850,5)" />
    </region>
    <region priority="0" name="Vigile de Tenios">
      <rect x="4374" y="1126" width="91" height="62" />
      <go location="(4395,1157,22)" />
    </region>
    <region priority="0" name="Donatilemenosa">
      <rect x="1022" y="3033" width="13" height="16" />
      <rect x="980" y="3036" width="41" height="42" />
      <rect x="968" y="3045" width="12" height="16" />
      <rect x="952" y="3075" width="27" height="31" />
      <rect x="988" y="3078" width="22" height="27" />
      <rect x="1020" y="3079" width="29" height="27" />
      <rect x="1010" y="3089" width="10" height="7" />
      <rect x="979" y="3089" width="9" height="7" />
      <rect x="982" y="3122" width="35" height="27" />
      <rect x="997" y="3105" width="4" height="17" />
      <rect x="1002" y="3149" width="5" height="59" />
      <go location="(1004,3202,0)" />
    </region>
    <region priority="0" name="Berianos">
      <rect x="1542" y="3076" width="143" height="57" />
      <rect x="1423" y="3133" width="263" height="67" />
      <go location="(1626,3121,0)" />
    </region>
    <region priority="0" name="Tok'Tolit">
      <rect x="1433" y="2656" width="115" height="94" />
      <rect x="1548" y="2751" width="94" height="80" />
      <rect x="1548" y="2702" width="78" height="49" />
      <rect x="1476" y="2750" width="72" height="51" />
      <go location="(1483,2793,0)" />
    </region>
    <region priority="0" name="Umul">
      <rect x="1166" y="3385" width="69" height="63" />
      <go location="(1234,3441,15)" />
    </region>
    <region priority="0" name="Menelisse">
      <rect x="208" y="825" width="131" height="111" />
      <go location="(227,929,0)" />
    </region>
    <region priority="0" name="Montorgias">
      <rect x="883" y="916" width="98" height="100" />
      <rect x="1037" y="930" width="22" height="28" />
      <rect x="1077" y="1020" width="32" height="40" />
      <rect x="1017" y="1052" width="32" height="46" />
      <rect x="961" y="1054" width="30" height="26" />
      <rect x="793" y="1010" width="44" height="50" />
      <rect x="801" y="820" width="62" height="54" />
      <rect x="799" y="748" width="40" height="40" />
      <rect x="753" y="1136" width="52" height="74" />
      <rect x="799" y="1090" width="40" height="40" />
      <rect x="867" y="1112" width="38" height="48" />
      <go location="(931,964,40)" />
    </region>
    <region priority="0" name="Abyssae">
      <rect x="663" y="1514" width="98" height="104" />
      <go location="(735,1612,0)" />
    </region>
    <region priority="0" name="Elifanel">
      <rect x="515" y="1448" width="68" height="54" />
      <go location="(543,1482,0)" />
    </region>
    <region priority="0" name="Iles Morgos">
      <rect x="1907" y="1486" width="90" height="94" />
      <rect x="2003" y="1506" width="48" height="52" />
      <rect x="1899" y="1586" width="72" height="90" />
      <rect x="1979" y="1582" width="42" height="78" />
      <rect x="2039" y="1566" width="68" height="68" />
      <rect x="2043" y="1664" width="72" height="122" />
      <rect x="1939" y="1702" width="94" height="108" />
      <rect x="2029" y="1800" width="78" height="44" />
      <rect x="2041" y="1636" width="24" height="24" />
      <rect x="2017" y="1424" width="50" height="72" />
      <rect x="2097" y="1404" width="14" height="32" />
      <go location="(1961,1554,0)" />
    </region>
    <region priority="0" name="Quartier General">
      <rect x="5559" y="1670" width="18" height="12" />
      <go location="(5570,1676,0)" />
    </region>
  </Facet>
  <Facet name="Ilshenar">
    <region priority="37" name="Shrine of Valor">
      <rect x="512" y="200" width="32" height="32" />
      <go location="(539,221,-36)" />
    </region>
    <region priority="50" name="Chaos Shrine">
      <rect x="1736" y="224" width="24" height="24" />
      <go location="(1748,236,0)" />
    </region>
    <region priority="50" name="Shrine of Sacrifice">
      <rect x="1160" y="1280" width="32" height="16" />
      <go location="(1196,1290,-25)" />
    </region>
    <region priority="37" name="Shrine of Honesty">
      <rect x="712" y="1344" width="24" height="32" />
      <go location="(725,1355,-61)" />
    </region>
    <region priority="50" name="Shrine of Compassion">
      <rect x="1200" y="448" width="32" height="40" />
      <go location="(1223,475,-16)" />
    </region>
    <region priority="50" name="Shrine of Spirituality">
      <rect x="1520" y="1336" width="16" height="16" />
      <go location="(1528,1344,0)" />
    </region>
    <region priority="50" name="Shrine of Humility">
      <rect x="272" y="1008" width="24" height="16" />
      <go location="(284,1016,0)" />
    </region>
    <region priority="50" name="Shrine of Honor">
      <rect x="736" y="712" width="24" height="32" />
      <go location="(748,728,0)" />
    </region>
    <region priority="11" name="Terort Skitas">
      <rect x="528" y="376" width="96" height="88" />
      <go location="(568,430,41)" />
    </region>
    <region priority="50" name="Gargoyle City">
      <rect x="824" y="552" width="32" height="176" />
      <rect x="752" y="576" width="72" height="128" />
      <rect x="856" y="576" width="48" height="128" />
      <rect x="904" y="624" width="24" height="32" />
      <inn x="827" y="694" width="26" height="33" />
      <go location="(840,571,0)" />
    </region>
    <region priority="50" name="Pormir Harm">
      <rect x="736" y="480" width="32" height="24" />
      <go location="(745,492,-66)" />
      <music name="Stones2" />
    </region>
    <region priority="50" name="Pormir Felwis">
      <rect x="472" y="336" width="40" height="32" />
      <go location="(472,352,-78)" />
    </region>
    <region priority="50" name="Cyclops Temple">
      <rect x="880" y="1256" width="56" height="112" />
      <go location="(901,1297,-71)" />
    </region>
    <region priority="50" name="Rat Fort">
      <rect x="616" y="792" width="56" height="56" />
      <go location="(642,845,-58)" />
    </region>
    <region priority="50" name="Rat Fort Cellar">
      <rect x="160" y="736" width="32" height="32" />
      <go location="(171,750,-28)" />
    </region>
    <region priority="50" name="Entrace to Central Ilshenar 1">
      <rect x="1136" y="584" width="16" height="16" />
      <go location="(1141,594,-80)" />
    </region>
    <region priority="50" name="Entrace to Central Ilshenar 2">
      <rect x="1232" y="576" width="8" height="16" />
      <go location="(1238,583,-19)" />
    </region>
    <region priority="41" name="Montor">
      <rect x="1576" y="272" width="144" height="96" />
      <rect x="1616" y="200" width="80" height="72" />
      <rect x="1696" y="144" width="40" height="128" />
      <rect x="1736" y="144" width="32" height="64" />
      <go location="(1646,319,48)" />
    </region>
    <region priority="40" name="Termir Flam">
      <rect x="1520" y="368" width="232" height="128" />
      <rect x="1520" y="296" width="56" height="72" />
      <rect x="1752" y="440" width="24" height="40" />
      <go location="(1636,432,0)" />
    </region>
    <region priority="11" name="Ancient Citadel">
      <rect x="1448" y="496" width="104" height="104" />
      <go location="(1516,542,85)" />
    </region>
    <region priority="41" name="Alexandretta's Bowl">
      <rect x="1272" y="352" width="168" height="240" />
      <go location="(1396,432,-17)" />
    </region>
    <region priority="2" name="Entrance to Rock Dungeon">
      <rect x="1784" y="560" width="8" height="16" />
      <go location="(1784,568,100)" />
    </region>
    <region priority="2" name="Rock Dungeon">
      <rect x="2176" y="288" width="24" height="40" />
      <rect x="2088" y="8" width="160" height="176" />
      <go location="(2187,316,-7)" />
    </region>
    <region priority="5" name="Lenmir Anfinmotas">
      <rect x="1560" y="792" width="232" height="120" />
      <go location="(1673,876,-25)" />
    </region>
    <region priority="2" name="Entrance to Spider Cave">
      <rect x="1400" y="896" width="40" height="24" />
      <go location="(1418,915,-19)" />
    </region>
    <region priority="50" name="Spider Cave">
      <rect x="1752" y="952" width="112" height="48" />
      <rect x="1480" y="864" width="48" height="32" />
      <go location="(1785,991,-28)" />
    </region>
    <region priority="48" name="Twin Oaks">
      <rect x="1536" y="1032" width="48" height="40" />
      <inn x="1546" y="1037" width="21" height="20" />
      <go location="(1560,1052,0)" />
    </region>
    <region priority="50" name="Reg Volon">
      <rect x="1328" y="1008" width="80" height="112" />
      <go location="(1363,1055,-13)" />
    </region>
    <region priority="2" name="Entrace Spectre Dungeon">
      <rect x="1360" y="1030" width="6" height="4" />
      <go location="(1363,1033,-8)" />
    </region>
    <region priority="2" name="Spectre Dungeon">
      <rect x="1936" y="1000" width="96" height="120" />
      <go location="(1983,1107,-18)" />
    </region>
    <region priority="2" name="Entrace Blood Dungeon">
      <rect x="1736" y="1224" width="24" height="16" />
      <go location="(1747,1227,-1)" />
    </region>
    <region priority="2" name="Blood Dungeon">
      <rect x="2032" y="808" width="168" height="256" />
      <go location="(2114,839,-28)" />
    </region>
    <region priority="2" name="Entrace Mushroom Cave">
      <rect x="1448" y="1320" width="16" height="16" />
      <go location="(1460,1329,-25)" />
    </region>
    <region priority="11" name="Mushroom Cave">
      <rect x="1392" y="1448" width="104" height="120" />
      <go location="(1476,1494,-28)" />
    </region>
    <region priority="48" name="Lake Shire">
      <rect x="1144" y="1072" width="120" height="128" />
      <go location="(1212,1144,-25)" />
    </region>
    <region priority="2" name="Entrace Rat Cave">
      <rect x="1024" y="1152" width="8" height="8" />
      <go location="(1031,1154,-24)" />
    </region>
    <region priority="2" name="Rat Cave Territory">
      <rect x="1144" y="1440" width="224" height="144" />
      <go location="(1345,1511,-3)" />
    </region>
    <region priority="2" name="Ratman Cave">
      <rect x="1264" y="1448" width="96" height="128" />
      <rect x="1152" y="1456" width="104" height="104" />
      <go location="(1348,1511,-3)" />
    </region>
    <region priority="48" name="Bet-Lem Reg">
      <rect x="1232" y="936" width="40" height="48" />
      <go location="(1238,974,-34)" />
    </region>
    <region priority="48" name="Mistas">
      <rect x="744" y="984" width="168" height="168" />
      <rect x="744" y="1152" width="48" height="24" />
      <inn x="752" y="1131" width="16" height="21" />
      <go location="(818,1073,-30)" />
    </region>
    <region priority="2" name="Entrace Serpentin Passage">
      <rect x="800" y="864" width="16" height="16" />
      <go location="(808,872,5)" />
    </region>
    <region priority="11" name="Serpentine Passage">
      <rect x="368" y="1488" width="192" height="104" />
      <go location="(533,1526,-25)" />
    </region>
    <region priority="2" name="Ankh Dungeon">
      <rect x="0" y="1248" width="176" height="344" />
      <rect x="568" y="1152" width="16" height="8" />
      <go location="(156,1484,-28)" />
    </region>
    <region priority="11" name="Kirin passage">
      <rect x="0" y="800" width="192" height="400" />
      <go location="(11,881,-29)" />
    </region>
    <region priority="2" name="Entrace Lizards Passage">
      <rect x="312" y="1328" width="8" height="8" />
      <go location="(314,1331,-37)" />
    </region>
    <region priority="2" name="Wisp Dungeon">
      <rect x="616" y="1480" width="88" height="96" />
      <rect x="704" y="1544" width="24" height="32" />
      <rect x="704" y="1480" width="40" height="40" />
      <rect x="816" y="1448" width="96" height="136" />
      <rect x="944" y="1416" width="56" height="40" />
      <rect x="912" y="1456" width="112" height="128" />
      <rect x="832" y="1424" width="48" height="24" />
      <rect x="744" y="1504" width="72" height="80" />
      <rect x="744" y="1456" width="56" height="48" />
      <go location="(628,1524,-28)" />
    </region>
    <region priority="11" name="Lizard Passage">
      <rect x="256" y="1560" width="80" height="32" />
      <go location="(285,1585,-27)" />
    </region>
    <region priority="50" name="Exodus Dungeon">
      <rect x="1832" y="16" width="248" height="200" />
      <go location="(1966,117,-28)" />
    </region>
    <region priority="48" name="Lizard Man's Huts">
      <rect x="264" y="1280" width="56" height="96" />
      <go location="(298,1336,-24)" />
    </region>
    <region priority="50" name="Nox Tereg">
      <rect x="344" y="1112" width="144" height="128" />
      <go location="(416,1176,0)" />
    </region>
    <region priority="2" name="Sorcerer's Dungeon">
      <rect x="368" y="0" width="120" height="120" />
      <rect x="200" y="0" width="168" height="112" />
      <rect x="256" y="120" width="32" height="32" />
      <rect x="48" y="0" width="136" height="136" />
      <rect x="224" y="112" width="24" height="32" />
      <go location="(429,108,-28)" />
    </region>
    <region priority="50" name="Entrace Ancient Lair">
      <rect x="936" y="488" width="8" height="8" />
      <go location="(940,503,-30)" />
    </region>
    <region priority="2" name="Ancient Lair">
      <rect x="24" y="664" width="112" height="96" />
      <go location="(86,744,-28)" />
    </region>
    <region priority="50" name="Gypsy Camp">
      <rect x="480" y="520" width="56" height="48" />
      <go location="(504,536,-60)" />
    </region>
    <region priority="50" name="Gypsy Camp 1">
      <rect x="1480" y="600" width="56" height="40" />
      <go location="(1508,620,0)" />
    </region>
    <region priority="48" name="Gypsy Camp 2">
      <rect x="1592" y="528" width="40" height="40" />
      <inn x="1617" y="546" width="12" height="8" />
      <go location="(1612,548,0)" />
    </region>
    <region priority="50" name="Juka Camp">
      <rect x="1192" y="656" width="112" height="136" />
      <go location="(1248,724,0)" />
    </region>
    <region priority="50" name="Gypsy Camp 3">
      <rect x="928" y="408" width="40" height="40" />
      <go location="(948,428,0)" />
    </region>
    <region priority="50" name="Gypsy Camp 4">
      <rect x="840" y="440" width="40" height="48" />
      <go location="(860,464,0)" />
    </region>
    <region priority="50" name="Gypsy Camp 5">
      <rect x="1216" y="520" width="24" height="48" />
      <rect x="1248" y="568" width="16" height="24" />
      <go location="(1228,544,0)" />
    </region>
    <region priority="50" name="Gypsy Camp 6">
      <rect x="1376" y="416" width="32" height="32" />
      <go location="(1392,432,0)" />
    </region>
    <region priority="50" name="Lord Blackthorn's Ilshenar Castle">
      <rect x="1048" y="616" width="72" height="72" />
      <rect x="1080" y="688" width="24" height="24" />
      <go location="(1084,652,0)" />
    </region>
    <region priority="50" name="Shrine of the Virtues">
      <rect x="1072" y="376" width="64" height="56" />
      <go location="(1104,404,0)" />
    </region>
    <region priority="50" name="Pass of Karnaugh">
      <rect x="848" y="288" width="120" height="48" />
      <rect x="936" y="232" width="32" height="56" />
      <rect x="968" y="248" width="120" height="56" />
      <rect x="1000" y="304" width="24" height="16" />
      <rect x="1048" y="304" width="136" height="56" />
      <rect x="1184" y="336" width="64" height="56" />
      <go location="(908,312,0)" />
    </region>
    <region priority="50" name="Vinculum Inn">
      <rect x="658" y="654" width="13" height="24" />
      <inn x="658" y="654" width="13" height="24" />
      <go location="(656,666,-36)" />
    </region>
  </Facet>
  <Facet name="Malas">
    <region priority="50" name="Luna">
      <rect x="945" y="490" width="91" height="61" />
      <inn x="986" y="509" width="18" height="21" />
      <go location="(989,520,-50)" />
      <music name="tavern04" />
    </region>
    <region priority="50" name="Umbra">
      <rect x="2042" y="1265" width="48" height="13" />
      <rect x="1960" y="1278" width="146" height="135" />
      <rect x="2004" y="1413" width="36" height="6" />
      <inn x="2031" y="1311" width="15" height="14" />
      <go location="(2049,1344,-85)" />
    </region>
    <region priority="50" name="Doom">
      <rect x="256" y="0" width="256" height="304" />
      <go location="(2366,1268,-85)" />
      <music name="Dungeon9" />
    </region>
    <region priority="50" name="Doom Gauntlet">
      <rect x="256" y="304" width="256" height="256" />
      <go location="(429,340,-1)" />
      <music name="Dungeon9" />
    </region>
    <region priority="50" name="Orc Fortress">
      <rect x="1295" y="1189" width="100" height="105" />
      <go location="(1340,1226,-90)" />
    </region>
    <region priority="50" name="Crystal Cave Entrance">
      <rect x="1176" y="509" width="43" height="13" />
      <go location="(1195,515,-90)" />
    </region>
    <region priority="50" name="Protected Island">
      <rect x="1976" y="101" width="472" height="244" />
      <rect x="2051" y="345" width="305" height="37" />
      <rect x="2026" y="345" width="25" height="25" />
      <rect x="2069" y="382" width="75" height="14" />
      <rect x="2254" y="382" width="98" height="38" />
      <rect x="2222" y="382" width="32" height="20" />
      <go location="(2104,380,-90)" />
    </region>
    <region priority="50" name="Hanse's Hostel">
      <rect x="1049" y="1420" width="13" height="25" />
      <rect x="1062" y="1420" width="3" height="11" />
      <rect x="1062" y="1439" width="3" height="6" />
      <inn x="1049" y="1420" width="13" height="25" />
      <inn x="1062" y="1420" width="3" height="11" />
      <inn x="1062" y="1439" width="3" height="6" />
      <go location="(1063,1435,-90)" />
    </region>
    <region priority="50" name="Yomotsu Mines">
      <rect x="0" y="0" width="128" height="128" />
      <go location="(6,118,0)" />
      <music name="TokunoDungeon" />
    </region>
    <region priority="50" name="Fan Dancer's Dojo">
      <rect x="40" y="320" width="170" height="400" />
      <go location="(71,337,0)" />
      <music name="TokunoDungeon" />
    </region>
    <region priority="50" name="Samurai">
      <rect x="263" y="624" width="193" height="160" />
      <go location="(380,740,0)" />
      <music name="Zento" />
    </region>
    <region priority="50" name="Ninja">
      <rect x="263" y="814" width="240" height="89" />
      <go location="(396,815,4)" />
      <music name="Zento" />
    </region>
  </Facet>
  <Facet name="Tokuno">
    <region priority="50" name="Moongates">
      <!-- Isamu-Jima -->
      <rect x="1167" y="996" width="4" height="4" />
      <!-- Makoto-Jima -->
      <rect x="799" y="1201" width="6" height="6" />
      <!-- Homare-Jima -->
      <rect x="267" y="625" width="7" height="7" />
    </region>
    <region priority="50" name="Zento">
      <rect x="656" y="1192" width="160" height="128" />
      <inn x="674" y="1203" width="25" height="16" />
      <go location="(736,1256,30)" />
      <music name="Zento" />
    </region>
    <region priority="50" name="Beetlescape">
      <go location="(798,245,58)" />
    </region>
    <region priority="50" name="Fan Dancer's Dojo">
      <rect x="969" y="194" width="23" height="30" />
      <go location="(977,223,23)" />
    </region>
  </Facet>
</ServerRegions>