<?xml version="1.0" encoding="utf-8" standalone="yes" ?>
<places>
	<parent name="Trammel">
		<parent name="Internal">
			<child name="Quartier General" x="5570" y="1675" z="0" />
			<parent name="Jail Cells">
				<child name="Cell 1" x="5276" y="1164" z="0" />
				<child name="Cell 2" x="5286" y="1164" z="0" />
				<child name="Cell 3" x="5296" y="1164" z="0" />
				<child name="Cell 4" x="5306" y="1164" z="0" />
				<child name="Cell 5" x="5276" y="1174" z="0" />
				<child name="Cell 6" x="5286" y="1174" z="0" />
				<child name="Cell 7" x="5286" y="1174" z="0" />
				<child name="Cell 8" x="5306" y="1174" z="0" />
				<child name="Cell 9" x="5283" y="1184" z="0" />
				<child name="Cell 10" x="5304" y="1184" z="0" />
			</parent>
			<child name="Green Acres" x="5445" y="1153" z="0" />
			<child name="Interview" x="5661" y="1678" z="0" />
		</parent>
		<parent name="Bases Technos">
			<parent name="Base Alpha">
				<child name="Entree" x="4874" y="2320" z="0" />
				<child name="Niveau -1" x="5496" y="2758" z="0" />				
			</parent>
			<parent name="Base Beta">
				<child name="Entree" x="2000" y="1632" z="0" />
			</parent>
			<parent name="Base Gamma">
				<child name="Entree" x="4098" y="217" z="0" />
				<child name="Niveau -1" x="5144" y="221" z="-40" />				
				<child name="Niveau -2" x="5147" y="218" z="-60" />				
			</parent>
			<parent name="Base Teta">
				<child name="Entree" x="4817" y="3566" z="0" />
				<child name="Niveau -1" x="5231" y="2719" z="60" />				
			</parent>
		</parent>
		<parent name="Villes">
			<parent name="Halerouine">
				<child name="Entree" x="3863" y="1405" z="0" />
				<child name="Place Principale" x="3751" y="1411" z="0" />
				<child name="Palais" x="3744" y="1324" z="25" />
				<child name="Taverne Des Portes" x="3815" y="1429" z="0" />
				<child name="Prison" x="3633" y="1504" z="0" />
				<child name="Port" x="3523" y="1397" z="0" />
			</parent>
			<parent name="Yeletia">
				<child name="Place Principale" x="3719" y="2218" z="0" />
			</parent>
			<parent name="Tregok">
				<child name="Marche" x="3519" y="3091" z="0" />
			</parent>
			<parent name="Periote">
				<child name="Centre du village" x="4763" y="1652" z="0" />
			</parent>
			<parent name="Beyclare">
				<child name="Entree" x="4452" y="1848" z="0" />
			</parent>
			<parent name="Eli Tiriel">
				<child name="Puit" x="4138" y="3616" z="45" />
			</parent>
			<parent name="Eli Magdiel">
				<child name="March�" x="4190" y="3985" z="0" />
			</parent>
			<parent name="Iles Morgos">
				<child name="Ile centrale" x="1960" y="1540" z="0" />
			</parent>
		</parent>
		<parent name="Points remarquables">
			<child name="Vigile de Tenios" x="4394" y="1156" z="22" />
			<child name="Champs hippique" x="4149" y="1393" z="0" />
			<child name="Pierre trouee" x="3940" y="3899" z="0" />
			<child name="Uss Torres" x="3852" y="3992" z="0" />
		</parent>
	</parent>
</places>